{"minzoom":0,"maxzoom":8,"center":[-87.890625,17.307462,8.0],"bounds":[-89.250374,15.883328,-87.481834,18.500586]}