{"minzoom":0,"maxzoom":9,"center":[-88.242187,17.64371,9.0],"bounds":[-89.250374,15.883328,-87.481834,18.500586]}